<X12_00501_894 xml:space="preserve" ID="1">
  <ISA ID="2" SegmentPosition="00">
    <ISA01 ID="00:3">00</ISA01>
    <ISA02 ID="00:4">          </ISA02>
    <ISA03 ID="00:5">00</ISA03>
    <ISA04 ID="00:6">          </ISA04>
    <ISA05 ID="00:7">01</ISA05>
    <ISA06 ID="00:8">016851776      </ISA06>
    <ISA07 ID="00:9">08</ISA07>
    <ISA08 ID="00:10">9254110060     </ISA08>
    <ISA09 ID="00:11">231207</ISA09>
    <ISA10 ID="00:12">1250</ISA10>
    <ISA11 ID="00:13">U</ISA11>
    <ISA12 ID="00:14">00501</ISA12>
    <ISA13 ID="00:15">431035108</ISA13>
    <ISA14 ID="00:16">1</ISA14>
    <ISA15 ID="00:17">P</ISA15>
    <ISA16 ID="00:18">&gt;</ISA16>
  </ISA>
  <GS ID="19" SegmentPosition="00">
    <GS01 ID="00:20">DX</GS01>
    <GS02 ID="00:21">3039565790</GS02>
    <GS03 ID="00:22">8028623330</GS03>
    <GS04 ID="00:23">20231207</GS04>
    <GS05 ID="00:24">125055</GS05>
    <GS06 ID="00:25">9467</GS06>
    <GS07 ID="00:26">X</GS07>
    <GS08 ID="00:27">005010</GS08>
  </GS>
  <ST ID="28" SegmentPosition="00">
    <ST01 ID="00:29">894</ST01>
    <ST02 ID="00:30">0001</ST02>
  </ST>
  <G82 ID="31" SegmentPosition="00">
    <G8201 ID="00:32">D</G8201>
    <G8202 ID="00:33">3009833</G8202>
    <G8203 ID="00:34">146522628</G8203>
    <G8204 ID="00:35">018576</G8204>
    <G8205 ID="00:36">108425984</G8205>
    <G8206 ID="00:37">400187</G8206>
    <G8207 ID="00:38">20231205</G8207>
  </G82>
  <LSLoop1 ID="39" SegmentPosition="00">
    <LS ID="40" SegmentPosition="00">
      <LS01 ID="00:41">100</LS01>
    </LS>
    <G83Loop1 ID="42" SegmentPosition="00">
      <G83 ID="43" SegmentPosition="00">
        <G8301 ID="00:44">1</G8301>
        <G8302 ID="00:45">12</G8302>
        <G8303 ID="00:46">EA</G8303>
        <G8304 ID="00:47">008024400923</G8304>
        <G8305 ID="00:48" />
        <G8306 ID="00:49" />
        <G8307 ID="00:50" />
        <G8308 ID="00:51">23.74</G8308>
        <G8309 ID="00:52">1</G8309>
        <G8310 ID="00:53">BUFFALO TRACE BOURBO</G8310>
      </G83>
    </G83Loop1>
    <G83Loop1 ID="54" SegmentPosition="00">
      <G83 ID="55" SegmentPosition="00">
        <G8301 ID="00:56">2</G8301>
        <G8302 ID="00:57">6</G8302>
        <G8303 ID="00:58">EA</G8303>
        <G8304 ID="00:59">008800400488</G8304>
        <G8305 ID="00:60" />
        <G8306 ID="00:61" />
        <G8307 ID="00:62" />
        <G8308 ID="00:63">42.37</G8308>
        <G8309 ID="00:64">1</G8309>
        <G8310 ID="00:65">CARIBOU CROSSING    </G8310>
      </G83>
    </G83Loop1>
    <G83Loop1 ID="66" SegmentPosition="00">
      <G83 ID="67" SegmentPosition="00">
        <G8301 ID="00:68">3</G8301>
        <G8302 ID="00:69">6</G8302>
        <G8303 ID="00:70">EA</G8303>
        <G8304 ID="00:71">008500000413</G8304>
        <G8305 ID="00:72" />
        <G8306 ID="00:73" />
        <G8307 ID="00:74" />
        <G8308 ID="00:75">10.17</G8308>
        <G8309 ID="00:76">1</G8309>
        <G8310 ID="00:77">E J VS BRANDY       </G8310>
      </G83>
    </G83Loop1>
    <G83Loop1 ID="78" SegmentPosition="00">
      <G83 ID="79" SegmentPosition="00">
        <G8301 ID="00:80">4</G8301>
        <G8302 ID="00:81">12</G8302>
        <G8303 ID="00:82">EA</G8303>
        <G8304 ID="00:83">008800414469</G8304>
        <G8305 ID="00:84" />
        <G8306 ID="00:85" />
        <G8307 ID="00:86" />
        <G8308 ID="00:87">13.14</G8308>
        <G8309 ID="00:88">1</G8309>
        <G8310 ID="00:89">FIREBALL CINNAMON PL</G8310>
      </G83>
    </G83Loop1>
    <G83Loop1 ID="90" SegmentPosition="00">
      <G83 ID="91" SegmentPosition="00">
        <G8301 ID="00:92">5</G8301>
        <G8302 ID="00:93">12</G8302>
        <G8303 ID="00:94">EA</G8303>
        <G8304 ID="00:95">008800402049</G8304>
        <G8305 ID="00:96" />
        <G8306 ID="00:97" />
        <G8307 ID="00:98" />
        <G8308 ID="00:99">8.48</G8308>
        <G8309 ID="00:100">1</G8309>
        <G8310 ID="00:101">FIREBALL CINNAMON PL</G8310>
      </G83>
    </G83Loop1>
    <G83Loop1 ID="102" SegmentPosition="00">
      <G83 ID="103" SegmentPosition="00">
        <G8301 ID="00:104">6</G8301>
        <G8302 ID="00:105">6</G8302>
        <G8303 ID="00:106">EA</G8303>
        <G8304 ID="00:107">008066036501</G8304>
        <G8305 ID="00:108" />
        <G8306 ID="00:109" />
        <G8307 ID="00:110" />
        <G8308 ID="00:111">16.53</G8308>
        <G8309 ID="00:112">1</G8309>
        <G8310 ID="00:113">LAUDER S            </G8310>
      </G83>
    </G83Loop1>
    <G83Loop1 ID="114" SegmentPosition="00">
      <G83 ID="115" SegmentPosition="00">
        <G8301 ID="00:116">7</G8301>
        <G8302 ID="00:117">6</G8302>
        <G8303 ID="00:118">EA</G8303>
        <G8304 ID="00:119">009674900333</G8304>
        <G8305 ID="00:120" />
        <G8306 ID="00:121" />
        <G8307 ID="00:122" />
        <G8308 ID="00:123">14.41</G8308>
        <G8309 ID="00:124">1</G8309>
        <G8310 ID="00:125">MCMASTERS CANADIAN </G8310>
      </G83>
    </G83Loop1>
    <G83Loop1 ID="126" SegmentPosition="00">
      <G83 ID="127" SegmentPosition="00">
        <G8301 ID="00:128">8</G8301>
        <G8302 ID="00:129">12</G8302>
        <G8303 ID="00:130">EA</G8303>
        <G8304 ID="00:131">008800401272</G8304>
        <G8305 ID="00:132" />
        <G8306 ID="00:133" />
        <G8307 ID="00:134" />
        <G8308 ID="00:135">16.11</G8308>
        <G8309 ID="00:136">1</G8309>
        <G8310 ID="00:137">PLATINUM 7X PL</G8310>
      </G83>
    </G83Loop1>
    <G83Loop1 ID="138" SegmentPosition="00">
      <G83 ID="139" SegmentPosition="00">
        <G8301 ID="00:140">9</G8301>
        <G8302 ID="00:141">6</G8302>
        <G8303 ID="00:142">EA</G8303>
        <G8304 ID="00:143">008800403615</G8304>
        <G8305 ID="00:144" />
        <G8306 ID="00:145" />
        <G8307 ID="00:146" />
        <G8308 ID="00:147">24.56</G8308>
        <G8309 ID="00:148">1</G8309>
        <G8310 ID="00:149">SEAGRAM S V O       </G8310>
      </G83>
    </G83Loop1>
    <G83Loop1 ID="150" SegmentPosition="00">
      <G83 ID="151" SegmentPosition="00">
        <G8301 ID="00:152">10</G8301>
        <G8302 ID="00:153">6</G8302>
        <G8303 ID="00:154">EA</G8303>
        <G8304 ID="00:155">085412500301</G8304>
        <G8305 ID="00:156" />
        <G8306 ID="00:157" />
        <G8307 ID="00:158" />
        <G8308 ID="00:159">33.92</G8308>
        <G8309 ID="00:160">1</G8309>
        <G8310 ID="00:161">TRES AGAVES REPOSADO</G8310>
      </G83>
    </G83Loop1>
    <G83Loop1 ID="162" SegmentPosition="00">
      <G83 ID="163" SegmentPosition="00">
        <G8301 ID="00:164">11</G8301>
        <G8302 ID="00:165">1</G8302>
        <G8303 ID="00:166">EA</G8303>
        <G8304 ID="00:167">072081591073</G8304>
        <G8305 ID="00:168" />
        <G8306 ID="00:169" />
        <G8307 ID="00:170" />
        <G8308 ID="00:171">29.68</G8308>
        <G8309 ID="00:172">1</G8309>
        <G8310 ID="00:173">CABO WABO BLANCO TEQ</G8310>
      </G83>
    </G83Loop1>
    <G83Loop1 ID="174" SegmentPosition="00">
      <G83 ID="175" SegmentPosition="00">
        <G8301 ID="00:176">12</G8301>
        <G8302 ID="00:177">3</G8302>
        <G8303 ID="00:178">EA</G8303>
        <G8304 ID="00:179">008800403380</G8304>
        <G8305 ID="00:180" />
        <G8306 ID="00:181" />
        <G8307 ID="00:182" />
        <G8308 ID="00:183">5.50</G8308>
        <G8309 ID="00:184">1</G8309>
        <G8310 ID="00:185">CLASSICA BUTTERSCOTC</G8310>
      </G83>
    </G83Loop1>
    <G83Loop1 ID="186" SegmentPosition="00">
      <G83 ID="187" SegmentPosition="00">
        <G8301 ID="00:188">13</G8301>
        <G8302 ID="00:189">1</G8302>
        <G8303 ID="00:190">EA</G8303>
        <G8304 ID="00:191">008800403394</G8304>
        <G8305 ID="00:192" />
        <G8306 ID="00:193" />
        <G8307 ID="00:194" />
        <G8308 ID="00:195">10.17</G8308>
        <G8309 ID="00:196">1</G8309>
        <G8310 ID="00:197">FOUR FREEDOMS SPICED</G8310>
      </G83>
    </G83Loop1>
    <G83Loop1 ID="198" SegmentPosition="00">
      <G83 ID="199" SegmentPosition="00">
        <G8301 ID="00:200">14</G8301>
        <G8302 ID="00:201">3</G8302>
        <G8303 ID="00:202">EA</G8303>
        <G8304 ID="00:203">089035500102</G8304>
        <G8305 ID="00:204" />
        <G8306 ID="00:205" />
        <G8307 ID="00:206" />
        <G8308 ID="00:207">22.05</G8308>
        <G8309 ID="00:208">1</G8309>
        <G8310 ID="00:209">RUMCHATA</G8310>
      </G83>
    </G83Loop1>
    <G83Loop1 ID="210" SegmentPosition="00">
      <G83 ID="211" SegmentPosition="00">
        <G8301 ID="00:212">15</G8301>
        <G8302 ID="00:213">1</G8302>
        <G8303 ID="00:214">EA</G8303>
        <G8304 ID="00:215">081084503006</G8304>
        <G8305 ID="00:216" />
        <G8306 ID="00:217" />
        <G8307 ID="00:218" />
        <G8308 ID="00:219">30.50</G8308>
        <G8309 ID="00:220">1</G8309>
        <G8310 ID="00:221">CAROLANS IRISH CREAM</G8310>
      </G83>
    </G83Loop1>
    <G83Loop1 ID="222" SegmentPosition="00">
      <G83 ID="223" SegmentPosition="00">
        <G8301 ID="00:224">16</G8301>
        <G8302 ID="00:225">6</G8302>
        <G8303 ID="00:226">EA</G8303>
        <G8304 ID="00:227">008800403371</G8304>
        <G8305 ID="00:228" />
        <G8306 ID="00:229" />
        <G8307 ID="00:230" />
        <G8308 ID="00:231">13.56</G8308>
        <G8309 ID="00:232">1</G8309>
        <G8310 ID="00:233">DEMPSEY S IRISH WHIS</G8310>
      </G83>
    </G83Loop1>
    <G83Loop1 ID="234" SegmentPosition="00">
      <G83 ID="235" SegmentPosition="00">
        <G8301 ID="00:236">17</G8301>
        <G8302 ID="00:237">1</G8302>
        <G8303 ID="00:238">EA</G8303>
        <G8304 ID="00:239">005003701450</G8304>
        <G8305 ID="00:240" />
        <G8306 ID="00:241" />
        <G8307 ID="00:242" />
        <G8308 ID="00:243">25.44</G8308>
        <G8309 ID="00:244">1</G8309>
        <G8310 ID="00:245">DI SARONNO AMARETTO </G8310>
      </G83>
    </G83Loop1>
    <G83Loop1 ID="246" SegmentPosition="00">
      <G83 ID="247" SegmentPosition="00">
        <G8301 ID="00:248">18</G8301>
        <G8302 ID="00:249">3</G8302>
        <G8303 ID="00:250">EA</G8303>
        <G8304 ID="00:251">008500002615</G8304>
        <G8305 ID="00:252" />
        <G8306 ID="00:253" />
        <G8307 ID="00:254" />
        <G8308 ID="00:255">11.02</G8308>
        <G8309 ID="00:256">1</G8309>
        <G8310 ID="00:257">NEW AMSTERDAM RASPBE</G8310>
      </G83>
    </G83Loop1>
    <G83Loop1 ID="258" SegmentPosition="00">
      <G83 ID="259" SegmentPosition="00">
        <G8301 ID="00:260">19</G8301>
        <G8302 ID="00:261">1</G8302>
        <G8303 ID="00:262">EA</G8303>
        <G8304 ID="00:263">009674920070</G8304>
        <G8305 ID="00:264" />
        <G8306 ID="00:265" />
        <G8307 ID="00:266" />
        <G8308 ID="00:267">8.48</G8308>
        <G8309 ID="00:268">1</G8309>
        <G8310 ID="00:269">BURN VODKA 80 PLS</G8310>
      </G83>
    </G83Loop1>
    <G83Loop1 ID="270" SegmentPosition="00">
      <G83 ID="271" SegmentPosition="00">
        <G8301 ID="00:272">20</G8301>
        <G8302 ID="00:273">6</G8302>
        <G8303 ID="00:274">EA</G8303>
        <G8304 ID="00:275">008711600830</G8304>
        <G8305 ID="00:276" />
        <G8306 ID="00:277" />
        <G8307 ID="00:278" />
        <G8308 ID="00:279">9.32</G8308>
        <G8309 ID="00:280">1</G8309>
        <G8310 ID="00:281">KAMORA COFFEE LIQ   </G8310>
      </G83>
    </G83Loop1>
    <G83Loop1 ID="282" SegmentPosition="00">
      <G83 ID="283" SegmentPosition="00">
        <G8301 ID="00:284">21</G8301>
        <G8302 ID="00:285">1</G8302>
        <G8303 ID="00:286">EA</G8303>
        <G8304 ID="00:287">085188400536</G8304>
        <G8305 ID="00:288" />
        <G8306 ID="00:289" />
        <G8307 ID="00:290" />
        <G8308 ID="00:291">19.50</G8308>
        <G8309 ID="00:292">1</G8309>
        <G8310 ID="00:293">KURVBALL BBQ WHISKEY</G8310>
      </G83>
    </G83Loop1>
    <G83Loop1 ID="294" SegmentPosition="00">
      <G83 ID="295" SegmentPosition="00">
        <G8301 ID="00:296">22</G8301>
        <G8302 ID="00:297">1</G8302>
        <G8303 ID="00:298">EA</G8303>
        <G8304 ID="00:299">002992911541</G8304>
        <G8305 ID="00:300" />
        <G8306 ID="00:301" />
        <G8307 ID="00:302" />
        <G8308 ID="00:303">20.35</G8308>
        <G8309 ID="00:304">1</G8309>
        <G8310 ID="00:305">LICOR 43</G8310>
      </G83>
    </G83Loop1>
    <G83Loop1 ID="306" SegmentPosition="00">
      <G83 ID="307" SegmentPosition="00">
        <G8301 ID="00:308">23</G8301>
        <G8302 ID="00:309">3</G8302>
        <G8303 ID="00:310">EA</G8303>
        <G8304 ID="00:311">008854401431</G8304>
        <G8305 ID="00:312" />
        <G8306 ID="00:313" />
        <G8307 ID="00:314" />
        <G8308 ID="00:315">12.69</G8308>
        <G8309 ID="00:316">1</G8309>
        <G8310 ID="00:317">SOCO 70 PLASTIC</G8310>
      </G83>
    </G83Loop1>
    <G83Loop1 ID="318" SegmentPosition="00">
      <G83 ID="319" SegmentPosition="00">
        <G8301 ID="00:320">24</G8301>
        <G8302 ID="00:321">3</G8302>
        <G8303 ID="00:322">EA</G8303>
        <G8304 ID="00:323">008800414668</G8304>
        <G8305 ID="00:324" />
        <G8306 ID="00:325" />
        <G8307 ID="00:326" />
        <G8308 ID="00:327">13.14</G8308>
        <G8309 ID="00:328">1</G8309>
        <G8310 ID="00:329">FIREBALL CINNAMON   </G8310>
      </G83>
    </G83Loop1>
    <G83Loop1 ID="330" SegmentPosition="00">
      <G83 ID="331" SegmentPosition="00">
        <G8301 ID="00:332">25</G8301>
        <G8302 ID="00:333">3</G8302>
        <G8303 ID="00:334">EA</G8303>
        <G8304 ID="00:335">008308952400</G8304>
        <G8305 ID="00:336" />
        <G8306 ID="00:337" />
        <G8307 ID="00:338" />
        <G8308 ID="00:339">21.20</G8308>
        <G8309 ID="00:340">1</G8309>
        <G8310 ID="00:341">JAGERMEISTER </G8310>
      </G83>
    </G83Loop1>
    <G83Loop1 ID="342" SegmentPosition="00">
      <G83 ID="343" SegmentPosition="00">
        <G8301 ID="00:344">26</G8301>
        <G8302 ID="00:345">3</G8302>
        <G8303 ID="00:346">EA</G8303>
        <G8304 ID="00:347">072105901750</G8304>
        <G8305 ID="00:348" />
        <G8306 ID="00:349" />
        <G8307 ID="00:350" />
        <G8308 ID="00:351">21.20</G8308>
        <G8309 ID="00:352">1</G8309>
        <G8310 ID="00:353">SKYY VODKA</G8310>
      </G83>
    </G83Loop1>
    <G83Loop1 ID="354" SegmentPosition="00">
      <G83 ID="355" SegmentPosition="00">
        <G8301 ID="00:356">27</G8301>
        <G8302 ID="00:357">3</G8302>
        <G8303 ID="00:358">EA</G8303>
        <G8304 ID="00:359">008048001545</G8304>
        <G8305 ID="00:360" />
        <G8306 ID="00:361" />
        <G8307 ID="00:362" />
        <G8308 ID="00:363">11.87</G8308>
        <G8309 ID="00:364">1</G8309>
        <G8310 ID="00:365">BACARDI SUP TRAVE </G8310>
      </G83>
    </G83Loop1>
    <G83Loop1 ID="366" SegmentPosition="00">
      <G83 ID="367" SegmentPosition="00">
        <G8301 ID="00:368">28</G8301>
        <G8302 ID="00:369">6</G8302>
        <G8303 ID="00:370">EA</G8303>
        <G8304 ID="00:371">009674903155</G8304>
        <G8305 ID="00:372" />
        <G8306 ID="00:373" />
        <G8307 ID="00:374" />
        <G8308 ID="00:375">25.44</G8308>
        <G8309 ID="00:376">1</G8309>
        <G8310 ID="00:377">LARCENY             </G8310>
      </G83>
    </G83Loop1>
    <G83Loop1 ID="378" SegmentPosition="00">
      <G83 ID="379" SegmentPosition="00">
        <G8301 ID="00:380">29</G8301>
        <G8302 ID="00:381">3</G8302>
        <G8303 ID="00:382">EA</G8303>
        <G8304 ID="00:383">061776820175</G8304>
        <G8305 ID="00:384" />
        <G8306 ID="00:385" />
        <G8307 ID="00:386" />
        <G8308 ID="00:387">11.02</G8308>
        <G8309 ID="00:388">1</G8309>
        <G8310 ID="00:389">SVEDKA BLUE RASPBERR</G8310>
      </G83>
    </G83Loop1>
    <G83Loop1 ID="390" SegmentPosition="00">
      <G83 ID="391" SegmentPosition="00">
        <G8301 ID="00:392">30</G8301>
        <G8302 ID="00:393">3</G8302>
        <G8303 ID="00:394">EA</G8303>
        <G8304 ID="00:395">008048002520</G8304>
        <G8305 ID="00:396" />
        <G8306 ID="00:397" />
        <G8307 ID="00:398" />
        <G8308 ID="00:399">20.35</G8308>
        <G8309 ID="00:400">1</G8309>
        <G8310 ID="00:401">BACARDI DARK GOLD   </G8310>
      </G83>
    </G83Loop1>
    <G83Loop1 ID="402" SegmentPosition="00">
      <G83 ID="403" SegmentPosition="00">
        <G8301 ID="00:404">31</G8301>
        <G8302 ID="00:405">6</G8302>
        <G8303 ID="00:406">EA</G8303>
        <G8304 ID="00:407">009674902134</G8304>
        <G8305 ID="00:408" />
        <G8306 ID="00:409" />
        <G8307 ID="00:410" />
        <G8308 ID="00:411">14.41</G8308>
        <G8309 ID="00:412">1</G8309>
        <G8310 ID="00:413">EVAN WILLAMS BLACK</G8310>
      </G83>
    </G83Loop1>
    <G83Loop1 ID="414" SegmentPosition="00">
      <G83 ID="415" SegmentPosition="00">
        <G8301 ID="00:416">32</G8301>
        <G8302 ID="00:417">1</G8302>
        <G8303 ID="00:418">EA</G8303>
        <G8304 ID="00:419">008800402614</G8304>
        <G8305 ID="00:420" />
        <G8306 ID="00:421" />
        <G8307 ID="00:422" />
        <G8308 ID="00:423">14.41</G8308>
        <G8309 ID="00:424">1</G8309>
        <G8310 ID="00:425">FRIS SKANDIA 80     </G8310>
      </G83>
    </G83Loop1>
    <G83Loop1 ID="426" SegmentPosition="00">
      <G83 ID="427" SegmentPosition="00">
        <G8301 ID="00:428">33</G8301>
        <G8302 ID="00:429">3</G8302>
        <G8303 ID="00:430">EA</G8303>
        <G8304 ID="00:431">008500001951</G8304>
        <G8305 ID="00:432" />
        <G8306 ID="00:433" />
        <G8307 ID="00:434" />
        <G8308 ID="00:435">18.62</G8308>
        <G8309 ID="00:436">1</G8309>
        <G8310 ID="00:437">NEW AMSTERDAM VODKA</G8310>
      </G83>
    </G83Loop1>
    <G83Loop1 ID="438" SegmentPosition="00">
      <G83 ID="439" SegmentPosition="00">
        <G8301 ID="00:440">34</G8301>
        <G8302 ID="00:441">3</G8302>
        <G8303 ID="00:442">EA</G8303>
        <G8304 ID="00:443">008800403583</G8304>
        <G8305 ID="00:444" />
        <G8306 ID="00:445" />
        <G8307 ID="00:446" />
        <G8308 ID="00:447">13.56</G8308>
        <G8309 ID="00:448">1</G8309>
        <G8310 ID="00:449">POPOV 80</G8310>
      </G83>
    </G83Loop1>
    <G83Loop1 ID="450" SegmentPosition="00">
      <G83 ID="451" SegmentPosition="00">
        <G8301 ID="00:452">35</G8301>
        <G8302 ID="00:453">1</G8302>
        <G8303 ID="00:454">EA</G8303>
        <G8304 ID="00:455">009674920031</G8304>
        <G8305 ID="00:456" />
        <G8306 ID="00:457" />
        <G8307 ID="00:458" />
        <G8308 ID="00:459">16.11</G8308>
        <G8309 ID="00:460">1</G8309>
        <G8310 ID="00:461">BURN VODKA 80</G8310>
      </G83>
    </G83Loop1>
    <G83Loop1 ID="462" SegmentPosition="00">
      <G83 ID="463" SegmentPosition="00">
        <G8301 ID="00:464">36</G8301>
        <G8302 ID="00:465">3</G8302>
        <G8303 ID="00:466">EA</G8303>
        <G8304 ID="00:467">008800403372</G8304>
        <G8305 ID="00:468" />
        <G8306 ID="00:469" />
        <G8307 ID="00:470" />
        <G8308 ID="00:471">8.48</G8308>
        <G8309 ID="00:472">1</G8309>
        <G8310 ID="00:473">DEMPSEY S IRISH CREA</G8310>
      </G83>
    </G83Loop1>
    <G83Loop1 ID="474" SegmentPosition="00">
      <G83 ID="475" SegmentPosition="00">
        <G8301 ID="00:476">37</G8301>
        <G8302 ID="00:477">3</G8302>
        <G8303 ID="00:478">EA</G8303>
        <G8304 ID="00:479">009674901370</G8304>
        <G8305 ID="00:480" />
        <G8306 ID="00:481" />
        <G8307 ID="00:482" />
        <G8308 ID="00:483">5.08</G8308>
        <G8309 ID="00:484">1</G8309>
        <G8310 ID="00:485">QH VODKA PLASTIC</G8310>
      </G83>
    </G83Loop1>
    <G83Loop1 ID="486" SegmentPosition="00">
      <G83 ID="487" SegmentPosition="00">
        <G8301 ID="00:488">38</G8301>
        <G8302 ID="00:489">3</G8302>
        <G8303 ID="00:490">EA</G8303>
        <G8304 ID="00:491">061776829175</G8304>
        <G8305 ID="00:492" />
        <G8306 ID="00:493" />
        <G8307 ID="00:494" />
        <G8308 ID="00:495">11.02</G8308>
        <G8309 ID="00:496">1</G8309>
        <G8310 ID="00:497">SVEDKA CHERRY LIMEAD</G8310>
      </G83>
    </G83Loop1>
    <G83Loop1 ID="498" SegmentPosition="00">
      <G83 ID="499" SegmentPosition="00">
        <G8301 ID="00:500">39</G8301>
        <G8302 ID="00:501">3</G8302>
        <G8303 ID="00:502">EA</G8303>
        <G8304 ID="00:503">081084503004</G8304>
        <G8305 ID="00:504" />
        <G8306 ID="00:505" />
        <G8307 ID="00:506" />
        <G8308 ID="00:507">14.41</G8308>
        <G8309 ID="00:508">1</G8309>
        <G8310 ID="00:509">CAROLANS IRISH CREAM</G8310>
      </G83>
    </G83Loop1>
    <LE ID="510" SegmentPosition="00">
      <LE01 ID="00:511">100</LE01>
    </LE>
  </LSLoop1>
  <G84 ID="512" SegmentPosition="00">
    <G8401 ID="00:513">165</G8401>
    <G8402 ID="00:514">280405</G8402>
  </G84>
  <G86 ID="515" SegmentPosition="00">
    <G8601 ID="00:516">GLWAS</G8601>
  </G86>
  <G85 ID="517" SegmentPosition="00">
    <G8501 ID="00:518">D3009833</G8501>
  </G85>
  <SE ID="519" SegmentPosition="00">
    <SE01 ID="00:520">1</SE01>
    <SE02 ID="00:521">0001</SE02>
  </SE>
  <GE ID="522" SegmentPosition="00">
    <GE01 ID="00:523">3</GE01>
    <GE02 ID="00:524">9467</GE02>
  </GE>
  <IEA ID="525" SegmentPosition="00">
    <IEA01 ID="00:526">1</IEA01>
    <IEA02 ID="00:527">431035108</IEA02>
  </IEA>
</X12_00501_894>